{"cameraMode":{"drawMode":0,"name":"Shaded","section":"Shading Mode"},"sceneLighting":false,"audioPlay":false,"sceneViewState":{"m_AlwaysRefresh":true,"showFog":true,"showSkybox":true,"showFlares":true,"showImageEffects":true,"showParticleSystems":true,"showVisualEffectGraphs":true,"m_FxEnabled":true},"in2DMode":false,"pivot":{"x":-7.207918167114258,"y":-0.9312862753868103,"z":2.5967190265655519},"rotation":{"x":0.16329938173294068,"y":-0.4033312201499939,"z":0.07338552176952362,"w":0.8973817229270935},"size":24.661380767822267,"orthographic":true}