{"cameraMode":{"drawMode":0,"name":"Shaded","section":"Shading Mode"},"sceneLighting":true,"audioPlay":false,"sceneViewState":{"m_AlwaysRefresh":false,"showFog":true,"showSkybox":true,"showFlares":true,"showImageEffects":true,"showParticleSystems":true,"showVisualEffectGraphs":true,"m_FxEnabled":true},"in2DMode":false,"pivot":{"x":5.478880882263184,"y":3.8716824054718019,"z":-0.23479393124580384},"rotation":{"x":-0.1759585738182068,"y":0.6556842923164368,"z":-0.16104386746883393,"w":-0.7164229154586792},"size":2.1890881061553957,"orthographic":false}