{"cameraMode":{"drawMode":0,"name":"Shaded","section":"Shading Mode"},"sceneLighting":false,"audioPlay":false,"sceneViewState":{"m_AlwaysRefresh":true,"showFog":true,"showSkybox":true,"showFlares":true,"showImageEffects":true,"showParticleSystems":true,"showVisualEffectGraphs":true,"m_FxEnabled":true},"in2DMode":false,"pivot":{"x":80.90896606445313,"y":48.215057373046878,"z":-29.927820205688478},"rotation":{"x":0.2123287469148636,"y":-0.4622529447078705,"z":0.1150326356291771,"w":0.8532326817512512},"size":0.018308144062757493,"orthographic":false}