{"cameraMode":{"drawMode":0,"name":"Shaded","section":"Shading Mode"},"sceneLighting":false,"audioPlay":false,"sceneViewState":{"m_AlwaysRefresh":true,"showFog":true,"showSkybox":true,"showFlares":true,"showImageEffects":true,"showParticleSystems":true,"showVisualEffectGraphs":true,"m_FxEnabled":true},"in2DMode":false,"pivot":{"x":-10.609953880310059,"y":-29.216554641723634,"z":26.708459854125978},"rotation":{"x":0.18184271454811097,"y":-0.3897148370742798,"z":0.07879442721605301,"w":0.8993653655052185},"size":34.04032897949219,"orthographic":true}