{"cameraMode":{"drawMode":0,"name":"Shaded","section":"Shading Mode"},"sceneLighting":false,"audioPlay":false,"sceneViewState":{"m_AlwaysRefresh":true,"showFog":true,"showSkybox":true,"showFlares":true,"showImageEffects":true,"showParticleSystems":true,"showVisualEffectGraphs":true,"m_FxEnabled":true},"in2DMode":false,"pivot":{"x":-2.713624954223633,"y":0.9035568833351135,"z":6.296256065368652},"rotation":{"x":-0.030528739094734193,"y":-0.9585980772972107,"z":0.11267060041427612,"w":-0.2597373425960541},"size":1.9143012762069703,"orthographic":false}