{"cameraMode":{"drawMode":0,"name":"Shaded","section":"Shading Mode"},"sceneLighting":false,"audioPlay":false,"sceneViewState":{"m_AlwaysRefresh":true,"showFog":true,"showSkybox":true,"showFlares":true,"showImageEffects":true,"showParticleSystems":true,"showVisualEffectGraphs":true,"m_FxEnabled":true},"in2DMode":false,"pivot":{"x":381.361572265625,"y":308.5931396484375,"z":382.1622314453125},"rotation":{"x":-0.015832340344786645,"y":0.03465452045202255,"z":-0.0005380820948630571,"w":-0.9992738366127014},"size":577.2845458984375,"orthographic":false}